hour_utc,equity,cash,invested
2026-09-27T07:00:00Z,1000.0000,1000.0000,0.0000
2026-09-27T08:00:00Z,994.0146,0.0000,994.0146
2026-09-27T09:00:00Z,995.9994,0.0000,995.9994
2026-09-27T10:00:00Z,994.5356,0.0000,994.5356
2026-09-27T11:00:00Z,991.5518,0.0000,991.5518
2026-09-27T12:00:00Z,986.1414,0.0000,986.1414
2026-09-27T13:00:00Z,985.2022,0.0000,985.2022
2026-09-27T14:00:00Z,973.7041,0.0000,973.7041
2026-09-27T15:00:00Z,977.0835,0.0000,977.0835
2026-09-27T16:00:00Z,976.4227,0.0000,976.4227
2026-09-27T17:00:00Z,978.0403,0.0000,978.0403
2026-09-27T18:00:00Z,984.1760,0.0000,984.1760
2026-09-27T19:00:00Z,980.6661,0.0000,980.6661
2026-09-27T20:00:00Z,977.7170,0.0000,977.7170
2026-09-27T21:00:00Z,978.5528,0.0000,978.5528
2026-09-27T22:00:00Z,969.5810,0.0000,969.5810
2026-09-27T23:00:00Z,974.8563,0.0000,974.8563
2026-09-28T00:00:00Z,973.6850,0.0000,973.6850
2026-09-28T01:00:00Z,971.3178,0.0000,971.3178
2026-09-28T02:00:00Z,969.3432,0.0000,969.3432
2026-09-28T03:00:00Z,958.2763,0.0000,958.2763
2026-09-28T04:00:00Z,959.4301,0.0000,959.4301
2026-09-28T05:00:00Z,950.9466,0.0000,950.9466
2026-09-28T06:00:00Z,945.3180,0.0000,945.3180
2026-09-28T07:00:00Z,936.2576,0.0000,936.2576
2026-09-28T08:00:00Z,941.5133,0.0000,941.5133
2026-09-28T09:00:00Z,933.3868,0.0000,933.3868
2026-09-28T10:00:00Z,950.0241,0.0000,950.0241
2026-09-28T11:00:00Z,956.8644,0.0000,956.8644
2026-09-28T12:00:00Z,992.5051,0.0000,992.5051
2026-09-28T13:00:00Z,985.1036,0.0000,985.1036
2026-09-28T14:00:00Z,951.3603,0.0000,951.3603
2026-09-28T15:00:00Z,966.4037,0.0000,966.4037
2026-09-28T16:00:00Z,998.8459,0.0000,998.8459
2026-09-28T17:00:00Z,998.8719,0.0000,998.8719
2026-09-28T18:00:00Z,1004.1805,0.0000,1004.1805
2026-09-28T19:00:00Z,987.3409,0.0000,987.3409
2026-09-28T20:00:00Z,1000.5883,0.0000,1000.5883
2026-09-28T21:00:00Z,989.6140,0.0000,989.6140
2026-09-28T22:00:00Z,997.5018,0.0000,997.5018
2026-09-28T23:00:00Z,1006.9861,0.0000,1006.9861
2026-09-29T00:00:00Z,1002.7108,0.0000,1002.7108
